{
  "analysis_date": "2026-01-22T12:15:39.428508",
  "calibration": {
    "log_slope_a": 0.196,
    "log_intercept_b": 1.3537,
    "coefficient_k": 22.5792,
    "description": "Combined calibration from Nano Vis Low (40-150nm) and High (140-1000nm)"
  },
  "dilution_factors": {
    "nta_sample_volume_ul": 1000,
    "nanofacs_sample_volume_ul": 23,
    "nanofacs_final_volume_ul": 150,
    "total_dilution_factor": 283.6
  },
  "results": [
    {
      "filename": "0.25ug ISO SEC.fcs",
      "total_events": 339392,
      "valid_events": 339392,
      "saturated_events": 353,
      "saturation_percent": 0.10400952291155949,
      "size_mean": 109.99114227294922,
      "size_median": 96.41533660888672,
      "size_std": 44.977272033691406,
      "size_p10": 76.76817321777344,
      "size_p25": 83.26931762695312,
      "size_p75": 117.78855895996094,
      "size_p90": 156.24393005371095,
      "ssc_mean": 27773.333984375,
      "ssc_median": 1646.5,
      "size_bins": [
        0,
        50,
        100,
        150,
        200,
        300,
        500,
        1000,
        2000
      ],
      "size_counts": [
        0,
        188423,
        112437,
        21537,
        12956,
        3686,
        0,
        0
      ]
    },
    {
      "filename": "1 ug ISO SEC.fcs",
      "total_events": 195152,
      "valid_events": 195152,
      "saturated_events": 85,
      "saturation_percent": 0.043555792407969175,
      "size_mean": 95.65046691894531,
      "size_median": 85.78469848632812,
      "size_std": 31.214353561401367,
      "size_p10": 74.3253402709961,
      "size_p25": 77.64190673828125,
      "size_p75": 101.64344024658203,
      "size_p90": 125.70914154052734,
      "ssc_mean": 9905.302734375,
      "ssc_median": 907.2000122070312,
      "size_bins": [
        0,
        50,
        100,
        150,
        200,
        300,
        500,
        1000,
        2000
      ],
      "size_counts": [
        0,
        142936,
        42769,
        6045,
        2705,
        612,
        0,
        0
      ]
    },
    {
      "filename": "Blank-SampleLine1.fcs",
      "total_events": 1723,
      "valid_events": 1723,
      "saturated_events": 1,
      "saturation_percent": 0.05803830528148578,
      "size_mean": 74.08836364746094,
      "size_median": 73.20314025878906,
      "size_std": 4.854719161987305,
      "size_p10": 72.5113754272461,
      "size_p25": 72.76802825927734,
      "size_p75": 73.91011047363281,
      "size_p90": 74.86782836914062,
      "ssc_mean": 462.6561279296875,
      "ssc_median": 403.8999938964844,
      "size_bins": [
        0,
        50,
        100,
        150,
        200,
        300,
        500,
        1000,
        2000
      ],
      "size_counts": [
        0,
        1701,
        21,
        0,
        0,
        0,
        0,
        0
      ]
    },
    {
      "filename": "Exo + 0.25ug CD81 SEC.fcs",
      "total_events": 301927,
      "valid_events": 301927,
      "saturated_events": 448,
      "saturation_percent": 0.1483802376071037,
      "size_mean": 116.13957977294922,
      "size_median": 99.19864654541016,
      "size_std": 51.36952590942383,
      "size_p10": 76.47357940673828,
      "size_p25": 83.28815460205078,
      "size_p75": 127.21000671386719,
      "size_p90": 178.19315185546876,
      "ssc_mean": 37951.48046875,
      "ssc_median": 1903.800048828125,
      "size_bins": [
        0,
        50,
        100,
        150,
        200,
        300,
        500,
        1000,
        2000
      ],
      "size_counts": [
        0,
        153907,
        99287,
        26779,
        17077,
        4429,
        0,
        0
      ]
    },
    {
      "filename": "Exo Control.fcs",
      "total_events": 13008,
      "valid_events": 13008,
      "saturated_events": 16,
      "saturation_percent": 0.12300123001230012,
      "size_mean": 103.18936920166016,
      "size_median": 86.91751098632812,
      "size_std": 44.60038757324219,
      "size_p10": 73.19605255126953,
      "size_p25": 75.52715873718262,
      "size_p75": 113.16485977172852,
      "size_p90": 151.39705810546874,
      "ssc_mean": 25721.69921875,
      "ssc_median": 970.0,
      "size_bins": [
        0,
        50,
        100,
        150,
        200,
        300,
        500,
        1000,
        2000
      ],
      "size_counts": [
        0,
        8433,
        3229,
        814,
        390,
        126,
        0,
        0
      ]
    },
    {
      "filename": "Exo+ 0.25ug cd81 Centri.fcs",
      "total_events": 128236,
      "valid_events": 128236,
      "saturated_events": 17,
      "saturation_percent": 0.013256807760691226,
      "size_mean": 101.91695404052734,
      "size_median": 92.42220306396484,
      "size_std": 30.910640716552734,
      "size_p10": 75.14750671386719,
      "size_p25": 80.27943420410156,
      "size_p75": 113.21091842651367,
      "size_p90": 140.80921020507813,
      "ssc_mean": 7739.63916015625,
      "ssc_median": 1326.9000244140625,
      "size_bins": [
        0,
        50,
        100,
        150,
        200,
        300,
        500,
        1000,
        2000
      ],
      "size_counts": [
        0,
        78101,
        40618,
        7577,
        1771,
        152,
        0,
        0
      ]
    },
    {
      "filename": "Exo+ 0.25ug ISO Centri.fcs",
      "total_events": 33443,
      "valid_events": 33443,
      "saturated_events": 13,
      "saturation_percent": 0.03887211075561403,
      "size_mean": 99.97225189208984,
      "size_median": 85.71136474609375,
      "size_std": 39.08029556274414,
      "size_p10": 73.67292022705078,
      "size_p25": 76.71621704101562,
      "size_p75": 106.81844139099121,
      "size_p90": 143.19505157470707,
      "ssc_mean": 16688.865234375,
      "ssc_median": 903.25,
      "size_bins": [
        0,
        50,
        100,
        150,
        200,
        300,
        500,
        1000,
        2000
      ],
      "size_counts": [
        0,
        23099,
        7445,
        1878,
        826,
        182,
        0,
        0
      ]
    },
    {
      "filename": "Exo+ 1ug CD81 Centri.fcs",
      "total_events": 124713,
      "valid_events": 124713,
      "saturated_events": 26,
      "saturation_percent": 0.020847866701947673,
      "size_mean": 92.62335968017578,
      "size_median": 83.21269989013672,
      "size_std": 28.929466247558594,
      "size_p10": 73.91011047363281,
      "size_p25": 76.55950164794922,
      "size_p75": 96.71753692626953,
      "size_p90": 119.93997192382812,
      "ssc_mean": 7697.09814453125,
      "ssc_median": 776.7000122070312,
      "size_bins": [
        0,
        50,
        100,
        150,
        200,
        300,
        500,
        1000,
        2000
      ],
      "size_counts": [
        0,
        97753,
        21524,
        3645,
        1495,
        270,
        0,
        0
      ]
    },
    {
      "filename": "Exo+ 1ug CD81 NO filter.fcs",
      "total_events": 320671,
      "valid_events": 320671,
      "saturated_events": 25,
      "saturation_percent": 0.007796152442846406,
      "size_mean": 90.3251953125,
      "size_median": 84.78238677978516,
      "size_std": 19.422256469726562,
      "size_p10": 74.55419158935547,
      "size_p25": 77.78922271728516,
      "size_p75": 96.36562919616699,
      "size_p90": 112.09575271606445,
      "ssc_mean": 2888.31005859375,
      "ssc_median": 854.4000244140625,
      "size_bins": [
        0,
        50,
        100,
        150,
        200,
        300,
        500,
        1000,
        2000
      ],
      "size_counts": [
        0,
        256519,
        59116,
        4040,
        830,
        141,
        0,
        0
      ]
    },
    {
      "filename": "Exo+ 1ug ISO Centri.fcs",
      "total_events": 81688,
      "valid_events": 81688,
      "saturated_events": 23,
      "saturation_percent": 0.028155910292821468,
      "size_mean": 92.99828338623047,
      "size_median": 83.25048828125,