{
  "event_id": 311014,
  "ssc_blue": 1248.0,
  "ssc_violet": 721.2307739257812,
  "ratio": 0.5779092907905579
}