{
  "event_id": 630636,
  "ssc_blue": 1307.4000244140625,
  "ssc_violet": 677.3005981445312,
  "ratio": 0.5180515646934509
}