{
  "event_id": 85658,
  "ssc_blue": 1582.4000244140625,
  "ssc_violet": 859.2893676757812,
  "ratio": 0.5430291891098022
}