{
  "power_law_exponent_n": -1.4370958584356728,
  "coefficient_k": 1736247.6385313228,
  "formula": "diameter_nm = (SSC_H / 1736247.6385) ^ (1/-1.44)",
  "calibration_points": {
    "low": {
      "ssc_mode": 3348.3349609375,
      "size_nm": 77.45966692414834
    },
    "high": {
      "ssc_mode": 348.23468017578125,
      "size_nm": 374.16573867739413
    }
  },
  "sample_statistics": {
    "Nano Vis Low": {
      "expected_nm": [
        40,
        150
      ],
      "ssc_percentiles": {
        "p10": 636.0,
        "p25": 1790.9000244140625,
        "p50": 6963.7001953125,
        "p75": 146532.796875,
        "p90": 1831905.8750000005
      },
      "ssc_mode": 3348.3349609375,
      "ssc_geo_mean": 19548.86328125,
      "log_ssc_mode": 3.5248289108276367,
      "n_events": 166665
    },
    "Nano Vis High": {
      "expected_nm": [
        140,
        1000
      ],
      "ssc_percentiles": {
        "p10": 435.8999938964844,
        "p25": 922.7999877929688,
        "p50": 4266.39990234375,
        "p75": 2271537.0625,
        "p90": 5377286.15
      },
      "ssc_mode": 348.23468017578125,
      "ssc_geo_mean": 5202.1611328125,
      "log_ssc_mode": 2.541872024536133,
      "n_events": 108818
    }
  }
}