{
  "analysis_date": "2026-01-22T12:15:47.663534",
  "calibration": {
    "log_slope_a": 0.196,
    "log_intercept_b": 1.3537,
    "coefficient_k": 22.5792,
    "description": "Combined calibration from Nano Vis Low (40-150nm) and High (140-1000nm)"
  },
  "dilution_factors": {
    "nta_sample_volume_ul": 1000,
    "nanofacs_sample_volume_ul": 23,
    "nanofacs_final_volume_ul": 150,
    "total_dilution_factor": 283.6
  },
  "results": [
    {
      "filename": "ab  1ug.fcs",
      "total_events": 305386,
      "valid_events": 305386,
      "saturated_events": 15,
      "saturation_percent": 0.00491181652073114,
      "size_mean": 91.3780746459961,
      "size_median": 85.48605346679688,
      "size_std": 20.88176155090332,
      "size_p10": 74.71820831298828,
      "size_p25": 78.14168167114258,
      "size_p75": 97.58305358886719,
      "size_p90": 114.13813018798828,
      "ssc_mean": 3514.232421875,
      "ssc_median": 891.2000122070312,
      "size_bins": [
        0,
        50,
        100,
        150,
        200,
        300,
        500,
        1000,
        2000
      ],
      "size_counts": [
        0,
        239070,
        60372,
        4620,
        1129,
        180,
        0,
        0
      ]
    },
    {
      "filename": "ab  2ug.fcs",
      "total_events": 481156,
      "valid_events": 481154,
      "saturated_events": 32,
      "saturation_percent": 0.006650677329919319,
      "size_mean": 98.50596618652344,
      "size_median": 91.43706512451172,
      "size_std": 26.269826889038086,
      "size_p10": 76.35144805908203,
      "size_p25": 81.44026947021484,
      "size_p75": 106.93749237060547,
      "size_p90": 127.7879135131836,
      "ssc_mean": 5968.02294921875,
      "ssc_median": 1256.300048828125,
      "size_bins": [
        0,
        50,
        100,
        150,
        200,
        300,
        500,
        1000,
        2000
      ],
      "size_counts": [
        3,
        316854,
        143969,
        15759,
        3950,
        587,
        0,
        0
      ]
    },
    {
      "filename": "ab 0.25ug.fcs",
      "total_events": 345542,
      "valid_events": 345540,
      "saturated_events": 20,
      "saturation_percent": 0.005788041905423395,
      "size_mean": 108.41009521484375,
      "size_median": 102.2839126586914,
      "size_std": 28.477596282958984,
      "size_p10": 78.01216125488281,
      "size_p25": 86.30815887451172,
      "size_p75": 124.09732055664062,
      "size_p90": 146.69468536376957,
      "ssc_mean": 6815.70361328125,
      "ssc_median": 2225.800048828125,
      "size_bins": [
        0,
        50,
        100,
        150,
        200,
        300,
        500,
        1000,
        2000
      ],
      "size_counts": [
        3,
        161451,
        154318,
        26920,
        2663,
        165,
        0,
        0
      ]
    },
    {
      "filename": "ab 0.5ug.fcs",
      "total_events": 211105,
      "valid_events": 211105,
      "saturated_events": 11,
      "saturation_percent": 0.0052106771511806925,
      "size_mean": 90.8254165649414,
      "size_median": 84.23050689697266,
      "size_std": 21.3602237701416,
      "size_p10": 74.29193115234375,
      "size_p25": 77.28134155273438,
      "size_p75": 96.76395416259766,
      "size_p90": 114.84127426147461,
      "ssc_mean": 3377.624267578125,
      "ssc_median": 826.4000244140625,
      "size_bins": [
        0,
        50,
        100,
        150,
        200,
        300,
        500,
        1000,
        2000
      ],
      "size_counts": [
        0,
        166639,
        39912,
        3609,
        814,
        120,
        0,
        0
      ]
    },
    {
      "filename": "Blank-SampleLine1.fcs",
      "total_events": 1516,
      "valid_events": 1516,
      "saturated_events": 1,
      "saturation_percent": 0.06596306068601583,
      "size_mean": 73.64537811279297,
      "size_median": 73.1995849609375,
      "size_std": 2.7736423015594482,
      "size_p10": 72.50397491455078,
      "size_p25": 72.76075744628906,
      "size_p75": 73.81938934326172,
      "size_p90": 74.62456970214843,
      "ssc_mean": 425.797119140625,
      "ssc_median": 403.79998779296875,
      "size_bins": [
        0,
        50,
        100,
        150,
        200,
        300,
        500,
        1000,
        2000
      ],
      "size_counts": [
        0,
        1511,
        4,
        0,
        0,
        0,
        0,
        0
      ]
    },
    {
      "filename": "Blank-SampleLine2.fcs",
      "total_events": 1630,
      "valid_events": 1630,
      "saturated_events": 1,
      "saturation_percent": 0.06134969325153374,
      "size_mean": 73.55616760253906,
      "size_median": 73.16756439208984,
      "size_std": 2.379849672317505,
      "size_p10": 72.50767517089844,
      "size_p25": 72.76439666748047,
      "size_p75": 73.75578308105469,
      "size_p90": 74.48748931884765,
      "ssc_mean": 420.34637451171875,
      "ssc_median": 402.8999938964844,
      "size_bins": [
        0,
        50,
        100,
        150,
        200,
        300,
        500,
        1000,
        2000
      ],
      "size_counts": [
        0,
        1624,
        5,
        0,
        0,
        0,
        0,
        0
      ]
    },
    {
      "filename": "filtered buffer.fcs",
      "total_events": 46155,
      "valid_events": 46155,
      "saturated_events": 1,
      "saturation_percent": 0.0021666125013541327,
      "size_mean": 85.42152404785156,
      "size_median": 79.5418930053711,
      "size_std": 15.808751106262207,
      "size_p10": 73.31997680664062,
      "size_p25": 74.95830535888672,
      "size_p75": 89.77112579345703,
      "size_p90": 106.26516036987307,
      "ssc_mean": 1434.239990234375,
      "ssc_median": 617.0,
      "size_bins": [
        0,
        50,
        100,
        150,
        200,
        300,
        500,
        1000,
        2000
      ],
      "size_counts": [
        0,
        39730,
        6100,
        304,
        20,
        0,
        0,
        0
      ]
    },
    {
      "filename": "filtered buffer1.fcs",
      "total_events": 35802,
      "valid_events": 35802,
      "saturated_events": 3,
      "saturation_percent": 0.008379420144126026,
      "size_mean": 86.15205383300781,
      "size_median": 79.89743041992188,
      "size_std": 17.644668579101562,
      "size_p10": 73.37987518310547,
      "size_p25": 75.11236572265625,
      "size_p75": 90.45936965942383,
      "size_p90": 107.77056732177735,
      "ssc_mean": 2139.145751953125,
      "ssc_median": 631.2000122070312,
      "size_bins": [
        0,
        50,
        100,
        150,
        200,
        300,
        500,
        1000,
        2000
      ],
      "size_counts": [
        0,
        30465,
        4964,
        310,
        50,
        10,
        0,
        0
      ]
    },
    {
      "filename": "HPLC Water.fcs",
      "total_events": 1508,
      "valid_events": 1508,
      "saturated_events": 6,
      "saturation_percent": 0.3978779840848806,
      "size_mean": 83.60616302490234,
      "size_median": 73.67120361328125,
      "size_std": 34.72544860839844,
      "size_p10": 72.84793090820312,
      "size_p25": 73.13909149169922,
      "size_p75": 75.06917381286621,
      "size_p90": 99.76311492919923,
      "ssc_mean": 14749.984375,
      "ssc_median": 417.25,
      "size_bins": [
        0,
        50,
        100,
        150,
        200,
        300,
        500,
        1000,
        2000
      ],
      "size_counts": [
        0,
        1352,
        91,
        26,
        25,
        8,
        0,
        0
      ]
    },
    {
      "filename": "HPLC Water1.fcs",
      "total_events": 1917,
      "valid_events": 1917,
      "saturated_events": 1,
      "saturation_percent": 0.05216484089723526,
      "size_mean": 77.67684173583984,
      "size_median": 73.277587890625,
      "size_std": 19.815460205078125,
      "size_p10": 72.5298080444336,
      "size_p25": 72.82617950439453,