{
  "version": "2.0",
  "created_at": "2026-02-12T14:45:23.729362",
  "instrument_name": "CytoFLEX_S",
  "wavelength_nm": 405.0,
  "fit_method": "power",
  "fit_params": {
    "a": 1.5455755669422267e-13,
    "b": 9.61012432375315,
    "r_squared": 0.7655018712801009
  },
  "calibration_range_nm": [
    40.0,
    108.0
  ],
  "fsc_range": [
    372.21135877237595,
    5376504.697579666
  ],
  "bead_datasheet_info": {
    "kit_part_number": "D03231",
    "lot_number": "4894789",
    "refractive_index": 1.591,
    "material": "polystyrene_latex",
    "nist_traceable": true
  },
  "bead_standards": {
    "40": {
      "diameter_nm": 40.0,
      "diameter_cv": 11.5,
      "fsc_mean": 372.21135877237595,
      "fsc_std": 28.75191237700562,
      "n_events": 15898,
      "refractive_index": 1.591
    },
    "80": {
      "diameter_nm": 80.0,
      "diameter_cv": 6.9,
      "fsc_mean": 2153605.1296177013,
      "fsc_std": 170403.42656931875,
      "n_events": 4708,
      "refractive_index": 1.591
    },
    "108": {
      "diameter_nm": 108.0,
      "diameter_cv": 5.2,
      "fsc_mean": 5376504.697579666,
      "fsc_std": 15009.767592927059,
      "n_events": 23215,
      "refractive_index": 1.591
    }
  }
}