{
  "version": "2.0",
  "created_at": "2026-02-12T17:27:22.933756",
  "instrument_name": "CytoFLEX_S",
  "wavelength_nm": 405.0,
  "fit_method": "power",
  "fit_params": {
    "a": 1.5506462105991417e-13,
    "b": 9.60941441205682,
    "r_squared": 0.7654933986500125
  },
  "calibration_range_nm": [
    40.0,
    108.0
  ],
  "fsc_range": [
    371.86366279479904,
    5376227.1948254425
  ],
  "bead_datasheet_info": {
    "kit_part_number": "D03231",
    "lot_number": "4894789",
    "refractive_index": 1.591,
    "material": "polystyrene_latex",
    "nist_traceable": true
  },
  "bead_standards": {
    "40": {
      "diameter_nm": 40.0,
      "diameter_cv": 11.5,
      "fsc_mean": 371.86366279479904,
      "fsc_std": 29.152633674278988,
      "n_events": 15898,
      "refractive_index": 1.591
    },
    "80": {
      "diameter_nm": 80.0,
      "diameter_cv": 6.9,
      "fsc_mean": 2153588.2715877425,
      "fsc_std": 168714.77557105178,
      "n_events": 4708,
      "refractive_index": 1.591
    },
    "108": {
      "diameter_nm": 108.0,
      "diameter_cv": 5.2,
      "fsc_mean": 5376227.1948254425,
      "fsc_std": 15078.03722725037,
      "n_events": 23215,
      "refractive_index": 1.591
    }
  }
}