{
  "version": "2.0",
  "created_at": "2026-02-12T14:43:13.738258",
  "instrument_name": "CytoFLEX_S",
  "wavelength_nm": 405.0,
  "fit_method": "power",
  "fit_params": {
    "a": 1.5466351006781958e-13,
    "b": 9.60996906172327,
    "r_squared": 0.7644432060522341
  },
  "calibration_range_nm": [
    40.0,
    108.0
  ],
  "fsc_range": [
    372.08780782888175,
    5376270.838085751
  ],
  "bead_datasheet_info": {
    "kit_part_number": "D03231",
    "lot_number": "4894789",
    "refractive_index": 1.591,
    "material": "polystyrene_latex",
    "nist_traceable": true
  },
  "bead_standards": {
    "40": {
      "diameter_nm": 40.0,
      "diameter_cv": 11.5,
      "fsc_mean": 372.08780782888175,
      "fsc_std": 28.774802063333176,
      "n_events": 15898,
      "refractive_index": 1.591
    },
    "80": {
      "diameter_nm": 80.0,
      "diameter_cv": 6.9,
      "fsc_mean": 2157523.13581572,
      "fsc_std": 169577.9683080165,
      "n_events": 4708,
      "refractive_index": 1.591
    },
    "108": {
      "diameter_nm": 108.0,
      "diameter_cv": 5.2,
      "fsc_mean": 5376270.838085751,
      "fsc_std": 15051.098171291713,
      "n_events": 23215,
      "refractive_index": 1.591
    }
  }
}