{
  "version": "2.0",
  "created_at": "2026-02-12T14:57:41.813203",
  "instrument_name": "CytoFLEX_S",
  "wavelength_nm": 405.0,
  "fit_method": "power",
  "fit_params": {
    "a": 1.5473138208580926e-13,
    "b": 9.60988502676712,
    "r_squared": 0.764830624903308
  },
  "calibration_range_nm": [
    40.0,
    108.0
  ],
  "fsc_range": [
    372.30988988989844,
    5376524.776472457
  ],
  "bead_datasheet_info": {
    "kit_part_number": "D03231",
    "lot_number": "4894789",
    "refractive_index": 1.591,
    "material": "polystyrene_latex",
    "nist_traceable": true
  },
  "bead_standards": {
    "40": {
      "diameter_nm": 40.0,
      "diameter_cv": 11.5,
      "fsc_mean": 372.30988988989844,
      "fsc_std": 28.90282201429774,
      "n_events": 15898,
      "refractive_index": 1.591
    },
    "80": {
      "diameter_nm": 80.0,
      "diameter_cv": 6.9,
      "fsc_mean": 2156169.626572947,
      "fsc_std": 171440.1936611539,
      "n_events": 4708,
      "refractive_index": 1.591
    },
    "108": {
      "diameter_nm": 108.0,
      "diameter_cv": 5.2,
      "fsc_mean": 5376524.776472457,
      "fsc_std": 15081.405807914463,
      "n_events": 23215,
      "refractive_index": 1.591
    }
  }
}