{
  "method": "fcmpass_k_based",
  "k_instrument": 1182.8675087720105,
  "k_std": 371.05654896962926,
  "k_cv_pct": 31.369240106598266,
  "wavelength_nm": 405.0,
  "n_bead": 1.6336721690788016,
  "n_ev": 1.37,
  "n_medium": 1.33,
  "bead_measurements": {
    "40": 3613.750911861952,
    "80": 105333.72158360023,
    "108": 597291.5410716984,
    "142": 2173225.2935015587
  },
  "bead_diameters": [
    40,
    80,
    108,
    142
  ],
  "bead_fsc_measured": [
    3613.750911861952,
    105333.72158360023,
    597291.5410716984,
    2173225.2935015587
  ],
  "created_at": "2026-02-24T12:49:06.361595",
  "bead_kit": "nanovis_d03231.json",
  "self_validation": {
    "validated": true,
    "all_passed": true,
    "n_beads": 4,
    "n_passed": 4,
    "n_failed": 0,
    "max_error_pct": 7.61,
    "per_bead": [
      {
        "expected_nm": 40,
        "recovered_nm": 43.0,
        "error_nm": 3.0,
        "error_pct": 7.61,
        "au_measured": 3613.750911861952,
        "au_predicted": 2344.7,
        "au_error_pct": 35.12,
        "cv_pct": 5.0,
        "tolerance_nm": 4.0,
        "passed": true
      },
      {
        "expected_nm": 80,
        "recovered_nm": 76.7,
        "error_nm": -3.3,
        "error_pct": 4.19,
        "au_measured": 105333.72158360023,
        "au_predicted": 134009.5,
        "au_error_pct": 27.22,
        "cv_pct": 5.0,
        "tolerance_nm": 8.0,
        "passed": true
      },
      {
        "expected_nm": 108,
        "recovered_nm": 105.0,
        "error_nm": -3.0,
        "error_pct": 2.8,
        "au_measured": 597291.5410716984,
        "au_predicted": 692884.5,
        "au_error_pct": 16.0,
        "cv_pct": 5.0,
        "tolerance_nm": 10.8,
        "passed": true
      },
      {
        "expected_nm": 142,
        "recovered_nm": 135.8,
        "error_nm": -6.2,
        "error_pct": 4.37,
        "au_measured": 2173225.2935015587,
        "au_predicted": 2680691.6,
        "au_error_pct": 23.35,
        "cv_pct": 5.0,
        "tolerance_nm": 14.2,
        "passed": true
      }
    ]
  }
}