{
  "method": "fcmpass_k_based",
  "k_instrument": 0.5726768747219533,
  "k_std": 0.029652637949180993,
  "k_cv_pct": 5.177900358483653,
  "wavelength_nm": 405.0,
  "n_bead": 1.6336721690788016,
  "n_ev": 1.37,
  "n_medium": 1.33,
  "bead_measurements": {
    "110": 388.31272528339514,
    "180": 3613.750911861952
  },
  "bead_diameters": [
    110,
    180
  ],
  "bead_fsc_measured": [
    388.31272528339514,
    3613.750911861952
  ],
  "created_at": "2026-04-14T11:42:08.935098",
  "bead_kit": "apogee_mix.json",
  "self_validation": {
    "validated": true,
    "all_passed": true,
    "n_beads": 2,
    "n_passed": 2,
    "n_failed": 0,
    "max_error_pct": 1.14,
    "per_bead": [
      {
        "expected_nm": 110,
        "recovered_nm": 111.0,
        "error_nm": 1.0,
        "error_pct": 0.93,
        "au_measured": 388.31272528339514,
        "au_predicted": 369.2,
        "au_error_pct": 4.92,
        "cv_pct": 5.0,
        "tolerance_nm": 11.0,
        "passed": true
      },
      {
        "expected_nm": 180,
        "recovered_nm": 178.0,
        "error_nm": -2.0,
        "error_pct": 1.14,
        "au_measured": 3613.750911861952,
        "au_predicted": 3811.1,
        "au_error_pct": 5.46,
        "cv_pct": 5.0,
        "tolerance_nm": 18.0,
        "passed": true
      }
    ]
  }
}