{
  "method": "fcmpass_k_based",
  "k_instrument": 940.5864933202711,
  "k_std": 22.83439446817016,
  "k_cv_pct": 2.427676203127766,
  "wavelength_nm": 405.0,
  "n_bead": 1.6336721690788016,
  "n_ev": 1.37,
  "n_medium": 1.33,
  "bead_measurements": {
    "40": 1888.0,
    "80": 102411.0,
    "108": 565342.0,
    "142": 2132067.0
  },
  "bead_diameters": [
    40,
    80,
    108,
    142
  ],
  "bead_fsc_measured": [
    1888,
    102411,
    565342,
    2132067
  ],
  "created_at": "2026-02-16T16:48:06.703172"
}