{
  "analysis_date": "2026-01-22T12:15:42.995782",
  "calibration": {
    "log_slope_a": 0.196,
    "log_intercept_b": 1.3537,
    "coefficient_k": 22.5792,
    "description": "Combined calibration from Nano Vis Low (40-150nm) and High (140-1000nm)"
  },
  "dilution_factors": {
    "nta_sample_volume_ul": 1000,
    "nanofacs_sample_volume_ul": 23,
    "nanofacs_final_volume_ul": 150,
    "total_dilution_factor": 283.6
  },
  "results": [
    {
      "filename": "0.2 filtered media+cd9.fcs",
      "total_events": 100000,
      "valid_events": 99906,
      "saturated_events": 26,
      "saturation_percent": 0.026024462995215502,
      "size_mean": 140.7352752685547,
      "size_median": 127.5932846069336,
      "size_std": 49.19929504394531,
      "size_p10": 90.17501831054688,
      "size_p25": 103.58224678039551,
      "size_p75": 165.85764694213867,
      "size_p90": 212.65080261230472,
      "ssc_mean": 37525.90625,
      "ssc_median": 6876.7998046875,
      "size_bins": [
        0,
        50,
        100,
        150,
        200,
        300,
        500,
        1000,
        2000
      ],
      "size_counts": [
        17,
        20876,
        45589,
        20207,
        12496,
        695,
        0,
        0
      ]
    },
    {
      "filename": "0.2 filtered media+iso.fcs",
      "total_events": 100000,
      "valid_events": 99946,
      "saturated_events": 18,
      "saturation_percent": 0.018009725251635883,
      "size_mean": 132.8275146484375,
      "size_median": 118.5466079711914,
      "size_std": 47.86420822143555,
      "size_p10": 86.37674713134766,
      "size_p25": 97.63351440429688,
      "size_p75": 154.1718521118164,
      "size_p90": 203.4458404541016,
      "ssc_mean": 31044.453125,
      "ssc_median": 4725.349609375,
      "size_bins": [
        0,
        50,
        100,
        150,
        200,
        300,
        500,
        1000,
        2000
      ],
      "size_counts": [
        11,
        28187,
        44814,
        16198,
        10118,
        600,
        0,
        0
      ]
    },
    {
      "filename": "0.2 filtered media.fcs",
      "total_events": 100000,
      "valid_events": 99975,
      "saturated_events": 25,
      "saturation_percent": 0.025006251562890724,
      "size_mean": 127.30257415771484,
      "size_median": 113.33892822265625,
      "size_std": 45.540531158447266,
      "size_p10": 84.70621795654297,
      "size_p25": 94.76292419433594,
      "size_p75": 144.9067268371582,
      "size_p90": 193.38315277099613,
      "ssc_mean": 25689.5859375,
      "ssc_median": 3757.449951171875,
      "size_bins": [
        0,
        50,
        100,
        150,
        200,
        300,
        500,
        1000,
        2000
      ],
      "size_counts": [
        7,
        32635,
        44706,
        13849,
        8262,
        491,
        0,
        0
      ]
    },
    {
      "filename": "L5+F10+CD9.fcs",
      "total_events": 100000,
      "valid_events": 100000,
      "saturated_events": 45,
      "saturation_percent": 0.045,
      "size_mean": 106.8989028930664,
      "size_median": 91.86100769042969,
      "size_std": 39.99566650390625,
      "size_p10": 78.69745635986328,
      "size_p25": 82.56404876708984,
      "size_p75": 113.16068267822266,
      "size_p90": 157.33469543457036,
      "ssc_mean": 15765.4384765625,
      "ssc_median": 1286.300048828125,
      "size_bins": [
        0,
        50,
        100,
        150,
        200,
        300,
        500,
        1000,
        2000
      ],
      "size_counts": [
        0,
        62499,
        26080,
        6777,
        4219,
        380,
        0,
        0
      ]
    },
    {
      "filename": "L5+F10+ISO.fcs",
      "total_events": 100000,
      "valid_events": 100000,
      "saturated_events": 93,
      "saturation_percent": 0.093,
      "size_mean": 103.28529357910156,
      "size_median": 86.84713745117188,
      "size_std": 40.943450927734375,
      "size_p10": 77.78922271728516,
      "size_p25": 80.42124938964844,
      "size_p75": 106.08152770996094,
      "size_p90": 154.28919372558602,
      "ssc_mean": 16666.228515625,
      "ssc_median": 966.0,
      "size_bins": [
        0,
        50,
        100,
        150,
        200,
        300,
        500,
        1000,
        2000
      ],
      "size_counts": [
        0,
        69992,
        19240,
        5947,
        4294,
        434,
        0,
        0
      ]
    },
    {
      "filename": "L5+F10+ONLY EXO.fcs",
      "total_events": 100000,
      "valid_events": 100000,
      "saturated_events": 80,
      "saturation_percent": 0.08,
      "size_mean": 103.927001953125,
      "size_median": 85.74945068359375,
      "size_std": 42.50090026855469,
      "size_p10": 77.41169738769531,
      "size_p25": 79.6828842163086,
      "size_p75": 107.27411270141602,
      "size_p90": 160.91663970947266,
      "ssc_mean": 17243.7265625,
      "ssc_median": 905.2999877929688,
      "size_bins": [
        0,
        50,
        100,
        150,
        200,
        300,
        500,
        1000,
        2000
      ],
      "size_counts": [
        0,
        69682,
        18499,
        6499,
        4816,
        424,
        0,
        0
      ]
    },
    {
      "filename": "L5+F16+CD9.fcs",
      "total_events": 100000,
      "valid_events": 100000,
      "saturated_events": 26,
      "saturation_percent": 0.026,
      "size_mean": 92.59889221191406,
      "size_median": 84.67121887207031,
      "size_std": 25.293468475341797,
      "size_p10": 77.30408477783203,
      "size_p25": 79.48623657226562,
      "size_p75": 95.1247787475586,
      "size_p90": 114.30219268798827,
      "ssc_mean": 6006.96337890625,
      "ssc_median": 848.7000122070312,
      "size_bins": [
        0,
        50,
        100,
        150,
        200,
        300,
        500,
        1000,
        2000
      ],
      "size_counts": [
        0,
        80947,
        15669,
        2229,
        973,
        156,
        0,
        0
      ]
    },
    {
      "filename": "L5+F16+ISO.fcs",
      "total_events": 100000,
      "valid_events": 100000,
      "saturated_events": 30,
      "saturation_percent": 0.03,
      "size_mean": 92.85247802734375,
      "size_median": 84.8387222290039,
      "size_std": 26.30579376220703,
      "size_p10": 77.30123901367188,
      "size_p25": 79.6225814819336,
      "size_p75": 94.87845611572266,
      "size_p90": 113.97981872558594,
      "ssc_mean": 6716.08349609375,
      "ssc_median": 857.2999877929688,
      "size_bins": [
        0,
        50,
        100,
        150,
        200,
        300,
        500,
        1000,
        2000
      ],
      "size_counts": [
        0,
        81320,
        15067,
        2278,
        1135,
        170,
        0,
        0
      ]
    },
    {
      "filename": "L5+F16+ONLY EXO.fcs",
      "total_events": 100000,
      "valid_events": 100000,
      "saturated_events": 123,
      "saturation_percent": 0.123,
      "size_mean": 100.64488220214844,
      "size_median": 86.21941375732422,
      "size_std": 38.29658508300781,
      "size_p10": 76.82945251464844,
      "size_p25": 78.81849670410156,
      "size_p75": 105.23161315917969,
      "size_p90": 141.36960754394536,
      "ssc_mean": 15817.37109375,
      "ssc_median": 930.9000244140625,
      "size_bins": [
        0,
        50,
        100,
        150,
        200,
        300,
        500,
        1000,
        2000
      ],
      "size_counts": [
        0,
        70201,
        21227,
        5148,
        2807,
        494,
        0,
        0
      ]
    },
    {
      "filename": "lot1media+cd9.fcs",
      "total_events": 100000,
      "valid_events": 99999,
      "saturated_events": 68,
      "saturation_percent": 0.06800068000680007,
      "size_mean": 124.0466537475586,
      "size_median": 99.55653381347656,
      "size_std": 57.99702072143555,
      "size_p10": 79.36676025390625,